# ID	섹션	드로어 라벨	원제목  ← 섹션과 라벨만 고치면 됩니다
353	글	겨울새	겨울새
356	일	전자신문	2000 전자신문 웹사이트 UI/콘텐츠 기획
388	일	아시아나항공	2003-2005 아시아나항공 웹사이트 운영
383	글	주간동아 연재	2003 『주간동아』, 유럽 자전거 여행기 연재
392	삶	울산MBC 라디오	2003 『울산MBC 라디오』, 아침을 달린다 출연
397	글	레이디아시아나 연재	2004 『레이디아시아나』, 유럽 자전거 여행기 연재(31회)
400	일	성남아트센터	2005 성남아트센터 대표 웹사이트 신규 구축
424	삶	에이비로드	2005 『에이비로드』 서면 인터뷰
427	일	아시아나항공 프로모션	2005 아시아나항공 프로모션 사이트 구축
433	일	굿네이버스	2006 굿네이버스 웹사이트 개편 제안
703	일	성남문화재단	2006 성남문화재단 대표 웹사이트 신규 구축
440	일	대림산업 홈페이지	2006 대림산업 공식 홈페이지 개편
690	글	두 바퀴로 유럽	2006 『두 바퀴로 유럽 지도를 그리다』 출판
709	삶	북새통	2006 『북새통』 인터뷰
712	삶	월간 w.e.b.	2006 디지털매거진 『월간 w.e.b.』 인터뷰
722	삶	You First	2006 현대증권 사외보 『You First』 인터뷰
726	삶	KBS 음악편지	2006 『KBS 3 라디오』, 유지인의 음악편지 출연
729	삶	자전거 전문지	2006 자전거 전문지,  인터뷰
732	일	하늘채	2006 하늘채 브랜드 사이트 개편
736	일	코오롱건설	2006 코오롱건설 대표 웹사이트 개편
739	일	오마이뉴스	2007 오마이뉴스 대표 웹사이트 개편
750	일	현대엔지니어링	2007 현대엔지니어링 웹사이트 개편 제안
757	일	SK텔레콤 HCI	2007 SK텔레콤 HCI 프로토타입 UI 컨설팅
761	일	KT.COM	2008 KT.COM 개편 제안 및 운영
773	일	LG전자 블로그	2009-2012 LG전자 블로그 윤색
777	일	KT SNS	2009 KT SNS 구축 제안 및 운영
783	일	iSKY	2010 iSKY 대표 웹사이트 유지운영
790	일	ADT캡스	2010 ADT캡스 홈페이지 구축 제안 및 개편
794	일	르노삼성 매거진	2011 르노삼성 디지털매거진  콘텐트 제작
806	일	세아그룹 카피라이팅	2011 세아그룹 웹사이트 개편 제안 및 카피라이팅
817	일	ADT시큐리티	2011 ADT시큐리티 대표 웹사이트 개편
822	글	월간 w.e.b 기고	2011~2012 『월간 w.e.b』 기고
825	일	CJ E&M enews24	2012 CJ E&M 뉴스사이트, enews24.net 개편 제안
829	일	Daum 회사소개	2012 Daum 회사소개 사이트 개편 제안 및 제작
833	일	Daum 회사소개 영상	2012 Daum 회사소개 사이트 영상 콘텐츠 제작
837	일	Daum 보고서 2012	2012 Daum 지속가능성보고서 사이트 개편
850	일	Daum 보고서 인쇄물	2012 Daum 지속가능성보고서 인쇄물 제작
843	일	중부재단	2012 중부재단 웹사이트 개편 제안 및 구축
1130	글	티머니 영상	티머니 해외 영업용 소개 영상 (2012)
847	일	LG전자 감성 Label	2012 LG전자 MC연구소, '감성 Label' 프로토타입 제작
856	글	올레닷컴 프로모션	2012 올레닷컴 - 회원 증대 '드래곤 플라이트' 프로모션
860	일	세아그룹 웹사이트	2013 세아그룹 웹사이트 개편 제안 및 구축
866	일	대림산업 웹접근성	2013 대림산업 홈페이지 웹접근성 개편 제안
870	일	동국제강 웹사이트	2013 동국제강/동국제강그룹 대표 웹사이트 개편 제안
875	일	동국제강 RJP	2013 동국제강 영상 콘텐츠 기획 - RJP인터뷰
879	일	Life In Ferrum	2013 동국제강 영상 콘텐츠 기획 - Life In Ferrum
882	일	스틸 디스커버리	2013 동국제강 영상 콘텐츠 기획 - 스틸 디스커버리
886	일	Daum 보고서 2013	2013 Daum 지속가능성보고서 사이트 개편
905	일	Daum 보고서 영상	2013 Daum 지속가능성보고서 영상 콘텐츠 기획
909	일	Daum 보고서 PDF	2013 Daum 지속가능성보고서 PDF Ver. 기획
937	일	유니온스틸	2013 유니온스틸 웹사이트 개편 제안
942	일	국제종합기계	2013 국제종합기계 웹사이트 개편 제안
950	일	일진그룹 웹사이트	2014 일진그룹 대표 웹사이트 개편
957	일	일진그룹 카피라이팅	2014 일진그룹 웹콘텐트 제작 및 카피라이팅
967	일	한화생명 블로그	2016 한화생명 공식블로그 개편 컨설팅 및 구축
971	일	삼성화재 주의환기	2016 삼성화재 주의환기 콘텐츠 제작 컨설팅
975	일	삼성화재 디자인 가이드	2016 삼성화재 영업 플랫폼 개편 디자인 가이드 개발 1단계
978	일	대림산업 임대관리	2016 대림산업 임대관리 시스템 UI 구축
986	일	일진디스플레이	2017 일진디스플레이 공식 웹사이트 개편
994	일	대림산업 78주년	2017 대림산업 78주년 기념 영상 제작
1010	일	CTC	2017 CTC 웹사이트 개편
1016	일	HPP	2017 HPP 웹사이트 신규 구축
1193	일	세아 신년회	2018 세아 신년회 영상 제작 및 카피라이팅
1020	글	세아창원특수강	2018 세아창원특수강 대경공장 홍보영상
1023	글	동화그룹 로비영상	2018 동화그룹 사옥 로비영상 모션그래픽
1032	일	삼호 홍보영상	2018 삼호 홍보영상 제안 및 제작
1049	일	바텍 홍보영상	2019 바텍 홍보영상 스토리텔링 및 카피라이팅
1202	글	대림산업 79주년	2018 대림산업 79주년 기념 영상
1037	일	포스코 스크린세이버	2018 포스코그룹 스크린세이버 제작
1035	일	셀트리온	2019 셀트리온 웹사이트 개편 제안
1053	일	프리미엄아울렛 앱	2019 S社 프리미엄아울렛 모바일앱 개편 제안
1051	일	바텍이엔지	2019 바텍이엔지 공식 홈페이지 신규 구축
1055	일	S社 디지털 채널	2019 S社 디지털 채널 통합 운영 파트너 선정 제안
1057	일	K社 세일즈	2019 K 社 세일즈커뮤니케이션 컨설팅
1059	일	A社 사내커뮤니케이션	2019 A 社 사내커뮤니케이션 콘텐츠 운영 컨설팅
1065	일	Shop 가입프로세스	2019 Shop 가입프로세스 개선 컨설팅
1474	일	V社 글로벌 웹사이트	2020 V 社 글로벌 웹사이트 개편 컨설팅
1537	일	K社 Shop 전략	2020 K 社 Shop 개선 전략 컨설팅
1359	일	Bodyluv	2020 Bodyluv Semi-Renewal
1344	일	K 다이렉트	2020 K 다이렉트 커뮤니케이션 콘셉트 컨설팅
1555	일	K社 마케팅	2020 K 社 마케팅 아이디어 컨설팅
1566	일	E社 앱/웹	2021 E 社 앱/웹 개편 제안
1577	일	K社 고객경험	2021 K 社 온라인 고객 경험 혁신 컨설팅
